﻿<?xml version="1.0" encoding="utf-8"?>
<Project ToolsVersion="4.0" xmlns="http://schemas.microsoft.com/developer/msbuild/2003">
  <ItemGroup>
    <Filter Include="Source Files">
      <UniqueIdentifier>{__GUID__}</UniqueIdentifier>
    </Filter>
    <Filter Include="Resource Files">
      <UniqueIdentifier>{__GUID__}</UniqueIdentifier>
    </Filter>
    <Filter Include="Header Files">
      <UniqueIdentifier>{__GUID__}</UniqueIdentifier>
    </Filter>
  </ItemGroup>
  <ItemGroup>
    <ClCompile Include="..\__CONTROLLERNAME__dpl.c">
      <Filter>Source Files</Filter>
    </ClCompile>
    <ClCompile Include="..\__CONTROLLERNAME__reg.c">
      <Filter>Source Files</Filter>
    </ClCompile>
    <ClCompile Include="..\__CONTROLLERNAME__sim.c">
      <Filter>Source Files</Filter>
    </ClCompile>
    <ClCompile Include="..\__CONTROLLERNAME__tab.c">
      <Filter>Source Files</Filter>
    </ClCompile>
__IF;OV__<ClCompile Include="..\__CONTROLLERNAME__ov.c">
__IF;OV__  <Filter>Source Files</Filter>
__IF;OV__</ClCompile>
__IF;SYNC__<ClCompile Include="..\Syncfunc.C">
__IF;SYNC__  <Filter>Source Files</Filter>
__IF;SYNC__</ClCompile>
__IF;PTP__<ClCompile Include="..\PTPWIN.C">
__IF;PTP__  <Filter>Source Files</Filter>
__IF;PTP__</ClCompile>
  </ItemGroup>
  <ItemGroup>
    <Resource Include="__CCOLLRESDIR__Ccolmenu.res">
      <Filter>Resource Files</Filter>
    </Resource>
  </ItemGroup>
  <ItemGroup>
    <ClInclude Include="__CONTROLLERNAME__sys.h">
      <Filter>Header Files</Filter>
    </ClInclude>
  </ItemGroup>
</Project>