﻿<?xml version="1.0" encoding="utf-8"?>
<Project DefaultTargets="Build" ToolsVersion="14.0" xmlns="http://schemas.microsoft.com/developer/msbuild/2003">
  <ItemGroup Label="ProjectConfigurations">
    <ProjectConfiguration Include="Debug|Win32">
      <Configuration>Debug</Configuration>
      <Platform>Win32</Platform>
    </ProjectConfiguration>
    <ProjectConfiguration Include="Release|Win32">
      <Configuration>Release</Configuration>
      <Platform>Win32</Platform>
    </ProjectConfiguration>
  </ItemGroup>
  <PropertyGroup Label="Globals">
    <ProjectGuid>{__GUID__}</ProjectGuid>
    <Keyword>Win32Proj</Keyword>
    <RootNamespace>My__CONTROLLERNAME__</RootNamespace>
    <WindowsTargetPlatformVersion>8.1</WindowsTargetPlatformVersion>
  </PropertyGroup>
  <Import Project="$(VCTargetsPath)\Microsoft.Cpp.Default.props" />
  <PropertyGroup Condition="'$(Configuration)|$(Platform)'=='Debug|Win32'" Label="Configuration">
    <ConfigurationType>Application</ConfigurationType>
    <UseDebugLibraries>true</UseDebugLibraries>
    <CharacterSet>NotSet</CharacterSet>
    <PlatformToolset>v120</PlatformToolset>
  </PropertyGroup>
  <PropertyGroup Condition="'$(Configuration)|$(Platform)'=='Release|Win32'" Label="Configuration">
    <ConfigurationType>Application</ConfigurationType>
    <UseDebugLibraries>false</UseDebugLibraries>
    <WholeProgramOptimization>true</WholeProgramOptimization>
    <CharacterSet>Unicode</CharacterSet>
    <PlatformToolset>v120</PlatformToolset>
  </PropertyGroup>
  <Import Project="$(VCTargetsPath)\Microsoft.Cpp.props" />
  <ImportGroup Label="ExtensionSettings">
  </ImportGroup>
  <ImportGroup Label="PropertySheets" Condition="'$(Configuration)|$(Platform)'=='Debug|Win32'">
    <Import Project="$(UserRootDir)\Microsoft.Cpp.$(Platform).user.props" Condition="exists('$(UserRootDir)\Microsoft.Cpp.$(Platform).user.props')" Label="LocalAppDataPlatform" />
  </ImportGroup>
  <ImportGroup Label="PropertySheets" Condition="'$(Configuration)|$(Platform)'=='Release|Win32'">
    <Import Project="$(UserRootDir)\Microsoft.Cpp.$(Platform).user.props" Condition="exists('$(UserRootDir)\Microsoft.Cpp.$(Platform).user.props')" Label="LocalAppDataPlatform" />
  </ImportGroup>
  <PropertyGroup Label="UserMacros" />
  <PropertyGroup Condition="'$(Configuration)|$(Platform)'=='Debug|Win32'">
    <LinkIncremental>true</LinkIncremental>
  </PropertyGroup>
  <PropertyGroup Condition="'$(Configuration)|$(Platform)'=='Release|Win32'">
    <LinkIncremental>false</LinkIncremental>
  </PropertyGroup>
  <ItemDefinitionGroup Condition="'$(Configuration)|$(Platform)'=='Debug|Win32'">
    <ClCompile>
      <PrecompiledHeader>
      </PrecompiledHeader>
      <WarningLevel>Level3</WarningLevel>
      <Optimization>Disabled</Optimization>
__IF;!TIG__      <PreprocessorDefinitions>CCOL_IS_SPECIAL;WIN32;_DEBUG;_WINDOWS;_CRT_SECURE_NO_WARNINGS;__PREPROCESSORDEFS__%(PreprocessorDefinitions)</PreprocessorDefinitions>
__ELSE__      <PreprocessorDefinitions>CCOLTIG;CCOL_IS_SPECIAL;WIN32;_DEBUG;_WINDOWS;_CRT_SECURE_NO_WARNINGS;__PREPROCESSORDEFS__%(PreprocessorDefinitions)</PreprocessorDefinitions>
      <AdditionalIncludeDirectories>__ADDITIONALINCLUDEDIRS__%(AdditionalIncludeDirectories)</AdditionalIncludeDirectories>
      <RuntimeLibrary>MultiThreadedDebug</RuntimeLibrary>
    </ClCompile>
    <Link>
      <SubSystem>Windows</SubSystem>
      <GenerateDebugInformation>true</GenerateDebugInformation>
__IF;!HS;!MS;!CCOL9ORHIGHER__      <AdditionalDependencies>%(AdditionalDependencies);comctl32.lib;ccolmain.lib;ccolreg.lib;ccolsim.lib;ccolvlog.lib;lwmlfunc.lib;stdfunc.lib;dsifunc.lib;ccolks.lib;</AdditionalDependencies>
__IF;!HS;MS;!CCOL9ORHIGHER__      <AdditionalDependencies>%(AdditionalDependencies);comctl32.lib;ccolmainms.lib;ccolreg.lib;ccolsim.lib;ccolvlog.lib;lwmlfunc.lib;stdfunc.lib;dsifunc.lib;ccolks.lib;</AdditionalDependencies>
__IF;HS;!MS;!CCOL9ORHIGHER__      <AdditionalDependencies>%(AdditionalDependencies);comctl32.lib;ccolmain.lib;ccolreg.lib;ccolsim.lib;ccolvlog.lib;lwmlfunc.lib;stdfunc.lib;dsifunc.lib;ccolks.lib;plefunc.lib;plfunc.lib;tigfunc.lib;tx_synch.lib;</AdditionalDependencies>
__IF;HS;MS;!CCOL9ORHIGHER__      <AdditionalDependencies>%(AdditionalDependencies);comctl32.lib;ccolmainms.lib;ccolreg.lib;ccolsim.lib;ccolvlog.lib;lwmlfunc.lib;stdfunc.lib;dsifunc.lib;ccolks.lib;plefunc.lib;plfunc.lib;tigfunc.lib;tx_synch.lib;</AdditionalDependencies>
__IF;!HS;!MS;CCOL9ORHIGHER__      <AdditionalDependencies>%(AdditionalDependencies);htmlhelp.lib;comctl32.lib;ccolmain.lib;ccolreg.lib;ccolsim.lib;ccolvlog.lib;lwmlfunc.lib;stdfunc.lib;dsifunc.lib;ccolks.lib;</AdditionalDependencies>
__IF;!HS;MS;CCOL9ORHIGHER__      <AdditionalDependencies>%(AdditionalDependencies);htmlhelp.lib;comctl32.lib;ccolmainms.lib;ccolreg.lib;ccolsim.lib;ccolvlog.lib;lwmlfunc.lib;stdfunc.lib;dsifunc.lib;ccolks.lib;</AdditionalDependencies>
__IF;HS;!MS;CCOL9ORHIGHER__      <AdditionalDependencies>%(AdditionalDependencies);htmlhelp.lib;comctl32.lib;ccolmain.lib;ccolreg.lib;ccolsim.lib;ccolvlog.lib;lwmlfunc.lib;stdfunc.lib;dsifunc.lib;ccolks.lib;plefunc.lib;plfunc.lib;tigfunc.lib;tx_synch.lib;</AdditionalDependencies>
__IF;HS;MS;CCOL9ORHIGHER__      <AdditionalDependencies>%(AdditionalDependencies);htmlhelp.lib;comctl32.lib;ccolmainms.lib;ccolreg.lib;ccolsim.lib;ccolvlog.lib;lwmlfunc.lib;stdfunc.lib;dsifunc.lib;ccolks.lib;plefunc.lib;plfunc.lib;tigfunc.lib;tx_synch.lib;</AdditionalDependencies>
      <IgnoreSpecificDefaultLibraries>LIBC;LIBCD</IgnoreSpecificDefaultLibraries>
__IF;!CCOL95ORHIGHER__      <AdditionalLibraryDirectories>__CCOLLIBSDIR__</AdditionalLibraryDirectories>
__ELIF;IGT__      <AdditionalLibraryDirectories>__CCOLLIBSDIR__</AdditionalLibraryDirectories>
__ELSE__      <AdditionalLibraryDirectories>__CCOLLIBSDIRNOTIG__</AdditionalLibraryDirectories>
      <IgnoreSpecificDefaultLibraries>LIBC;LIBCD</IgnoreSpecificDefaultLibraries>
    </Link>
  </ItemDefinitionGroup>
  <ItemDefinitionGroup Condition="'$(Configuration)|$(Platform)'=='Release|Win32'">
    <ClCompile>
      <WarningLevel>Level3</WarningLevel>
      <PrecompiledHeader>
      </PrecompiledHeader>
      <Optimization>MaxSpeed</Optimization>
      <FunctionLevelLinking>true</FunctionLevelLinking>
      <IntrinsicFunctions>true</IntrinsicFunctions>
__IF;!TIG__      <PreprocessorDefinitions>CCOL_IS_SPECIAL;WIN32;NDEBUG;_WINDOWS;_CRT_SECURE_NO_WARNINGS;__PREPROCESSORDEFS__%(PreprocessorDefinitions)</PreprocessorDefinitions>
__ELSE__      <PreprocessorDefinitions>CCOLTIG;CCOL_IS_SPECIAL;WIN32;NDEBUG;_WINDOWS;_CRT_SECURE_NO_WARNINGS;__PREPROCESSORDEFS__%(PreprocessorDefinitions)</PreprocessorDefinitions>
    </ClCompile>
    <Link>
      <SubSystem>Windows</SubSystem>
      <GenerateDebugInformation>true</GenerateDebugInformation>
__IF;!HS;!MS;!CCOL9ORHIGHER__      <AdditionalDependencies>%(AdditionalDependencies);comctl32.lib;ccolmain.lib;ccolreg.lib;ccolsim.lib;ccolvlog.lib;lwmlfunc.lib;stdfunc.lib;dsifunc.lib;ccolks.lib;</AdditionalDependencies>
__IF;!HS;MS;!CCOL9ORHIGHER__      <AdditionalDependencies>%(AdditionalDependencies);comctl32.lib;ccolmainms.lib;ccolreg.lib;ccolsim.lib;ccolvlog.lib;lwmlfunc.lib;stdfunc.lib;dsifunc.lib;ccolks.lib;</AdditionalDependencies>
__IF;HS;!MS;!CCOL9ORHIGHER__      <AdditionalDependencies>%(AdditionalDependencies);comctl32.lib;ccolmain.lib;ccolreg.lib;ccolsim.lib;ccolvlog.lib;lwmlfunc.lib;stdfunc.lib;dsifunc.lib;ccolks.lib;plefunc.lib;plfunc.lib;tigfunc.lib;tx_synch.lib;</AdditionalDependencies>
__IF;HS;MS;!CCOL9ORHIGHER__      <AdditionalDependencies>%(AdditionalDependencies);comctl32.lib;ccolmainms.lib;ccolreg.lib;ccolsim.lib;ccolvlog.lib;lwmlfunc.lib;stdfunc.lib;dsifunc.lib;ccolks.lib;plefunc.lib;plfunc.lib;tigfunc.lib;tx_synch.lib;</AdditionalDependencies>
__IF;!HS;!MS;CCOL9ORHIGHER__      <AdditionalDependencies>%(AdditionalDependencies);htmlhelp.lib;comctl32.lib;ccolmain.lib;ccolreg.lib;ccolsim.lib;ccolvlog.lib;lwmlfunc.lib;stdfunc.lib;dsifunc.lib;ccolks.lib;</AdditionalDependencies>
__IF;!HS;MS;CCOL9ORHIGHER__      <AdditionalDependencies>%(AdditionalDependencies);htmlhelp.lib;comctl32.lib;ccolmainms.lib;ccolreg.lib;ccolsim.lib;ccolvlog.lib;lwmlfunc.lib;stdfunc.lib;dsifunc.lib;ccolks.lib;</AdditionalDependencies>
__IF;HS;!MS;CCOL9ORHIGHER__      <AdditionalDependencies>%(AdditionalDependencies);htmlhelp.lib;comctl32.lib;ccolmain.lib;ccolreg.lib;ccolsim.lib;ccolvlog.lib;lwmlfunc.lib;stdfunc.lib;dsifunc.lib;ccolks.lib;plefunc.lib;plfunc.lib;tigfunc.lib;tx_synch.lib;</AdditionalDependencies>
__IF;HS;MS;CCOL9ORHIGHER__      <AdditionalDependencies>%(AdditionalDependencies);htmlhelp.lib;comctl32.lib;ccolmainms.lib;ccolreg.lib;ccolsim.lib;ccolvlog.lib;lwmlfunc.lib;stdfunc.lib;dsifunc.lib;ccolks.lib;plefunc.lib;plfunc.lib;tigfunc.lib;tx_synch.lib;</AdditionalDependencies>
      <IgnoreSpecificDefaultLibraries>LIBC;LIBCD</IgnoreSpecificDefaultLibraries>
__IF;!CCOL95ORHIGHER__      <AdditionalLibraryDirectories>__CCOLLIBSDIR__</AdditionalLibraryDirectories>
__ELIF;IGT__      <AdditionalLibraryDirectories>__CCOLLIBSDIR__</AdditionalLibraryDirectories>
__ELSE__      <AdditionalLibraryDirectories>__CCOLLIBSDIRNOTIG__</AdditionalLibraryDirectories>
      <EnableCOMDATFolding>true</EnableCOMDATFolding>
      <OptimizeReferences>true</OptimizeReferences>
    </Link>
  </ItemDefinitionGroup>
  <ItemGroup>
    <ClCompile Include="__CONTROLLERNAME__sys.h" />
    <ClCompile Include="__CONTROLLERNAME__dpl.c" />
__IF;OV__    <ClCompile Include="__CONTROLLERNAME__ov.c" />
    <ClCompile Include="__CONTROLLERNAME__reg.c" />
    <ClCompile Include="__CONTROLLERNAME__sim.c" />
    <ClCompile Include="__CONTROLLERNAME__tab.c" />
__IF;PTP__    <ClCompile Include="PTPWIN.C" />
__IF;SYNC__    <ClCompile Include="Syncfunc.c" />
  </ItemGroup>
  <ItemGroup>
    <Resource Include="__CCOLLRESDIR__Ccolmenu.res" />
  </ItemGroup>
__IF;MV__  <ItemGroup>
__IF;MVVIALIS__    <Object Include="pi_ccol_7.obj" />
__IF;MVVIALIS__    <Object Include="pi_fab_3.obj" />
__IF;MVOVERIG__    <Object Include="mv_ccol_7.obj" />
__IF;MVOVERIG__    <Object Include="mv_fab_3.obj" />
__IF;MV__  </ItemGroup>
  <Import Project="$(VCTargetsPath)\Microsoft.Cpp.targets" />
  <ImportGroup Label="ExtensionTargets">
  </ImportGroup>
</Project>