﻿<?xml version="1.0" encoding="utf-8"?>
<Project DefaultTargets="Build" ToolsVersion="4.0" xmlns="http://schemas.microsoft.com/developer/msbuild/2003">
  <ItemGroup Label="ProjectConfigurations">
    <ProjectConfiguration Include="Debug|Win32">
      <Configuration>Debug</Configuration>
      <Platform>Win32</Platform>
    </ProjectConfiguration>
    <ProjectConfiguration Include="Release|Win32">
      <Configuration>Release</Configuration>
      <Platform>Win32</Platform>
    </ProjectConfiguration>
  </ItemGroup>
  <PropertyGroup Label="Globals">
    <ProjectGuid>{__GUID__}</ProjectGuid>
    <Keyword>Win32Proj</Keyword>
    <RootNamespace>My__CONTROLLERNAME__vissim</RootNamespace>
  </PropertyGroup>
  <Import Project="$(VCTargetsPath)\Microsoft.Cpp.Default.props" />
  <PropertyGroup Condition="'$(Configuration)|$(Platform)'=='Debug|Win32'" Label="Configuration">
    <ConfigurationType>Application</ConfigurationType>
    <UseDebugLibraries>true</UseDebugLibraries>
    <CharacterSet>Unicode</CharacterSet>
  </PropertyGroup>
  <PropertyGroup Condition="'$(Configuration)|$(Platform)'=='Release|Win32'" Label="Configuration">
    <ConfigurationType>Application</ConfigurationType>
    <UseDebugLibraries>false</UseDebugLibraries>
    <WholeProgramOptimization>true</WholeProgramOptimization>
    <CharacterSet>Unicode</CharacterSet>
  </PropertyGroup>
  <Import Project="$(VCTargetsPath)\Microsoft.Cpp.props" />
  <ImportGroup Label="ExtensionSettings">
  </ImportGroup>
  <ImportGroup Label="PropertySheets" Condition="'$(Configuration)|$(Platform)'=='Debug|Win32'">
    <Import Project="$(UserRootDir)\Microsoft.Cpp.$(Platform).user.props" Condition="exists('$(UserRootDir)\Microsoft.Cpp.$(Platform).user.props')" Label="LocalAppDataPlatform" />
  </ImportGroup>
  <ImportGroup Label="PropertySheets" Condition="'$(Configuration)|$(Platform)'=='Release|Win32'">
    <Import Project="$(UserRootDir)\Microsoft.Cpp.$(Platform).user.props" Condition="exists('$(UserRootDir)\Microsoft.Cpp.$(Platform).user.props')" Label="LocalAppDataPlatform" />
  </ImportGroup>
  <PropertyGroup Label="UserMacros" />
  <PropertyGroup Condition="'$(Configuration)|$(Platform)'=='Debug|Win32'">
    <LinkIncremental>true</LinkIncremental>
  </PropertyGroup>
  <PropertyGroup Condition="'$(Configuration)|$(Platform)'=='Release|Win32'">
    <LinkIncremental>false</LinkIncremental>
  </PropertyGroup>
  <ItemDefinitionGroup Condition="'$(Configuration)|$(Platform)'=='Debug|Win32'">
    <ClCompile>
      <PrecompiledHeader>
      </PrecompiledHeader>
      <WarningLevel>Level3</WarningLevel>
      <Optimization>Disabled</Optimization>
      <PreprocessorDefinitions>CCOL_IS_SPECIAL;WIN32;_DEBUG;_WINDOWS;AUTOMAAT;VISSIM;_CRT_SECURE_NO_WARNINGS;__PREPROCESSORDEFS__%(PreprocessorDefinitions)</PreprocessorDefinitions>
      <AdditionalIncludeDirectories>__ADDITIONALINCLUDEDIRS__%(AdditionalIncludeDirectories)</AdditionalIncludeDirectories>
      <RuntimeLibrary>MultiThreadedDebug</RuntimeLibrary>
    </ClCompile>
    <Link>
      <SubSystem>Windows</SubSystem>
      <GenerateDebugInformation>true</GenerateDebugInformation>
      <AdditionalLibraryDirectories>
      </AdditionalLibraryDirectories>
      <IgnoreSpecificDefaultLibraries>LIBCD;LIBC</IgnoreSpecificDefaultLibraries>
    </Link>
  </ItemDefinitionGroup>
  <ItemDefinitionGroup Condition="'$(Configuration)|$(Platform)'=='Release|Win32'">
    <ClCompile>
      <WarningLevel>Level3</WarningLevel>
      <PrecompiledHeader>
      </PrecompiledHeader>
      <Optimization>MaxSpeed</Optimization>
      <FunctionLevelLinking>true</FunctionLevelLinking>
      <IntrinsicFunctions>true</IntrinsicFunctions>
      <PreprocessorDefinitions>WIN32;NDEBUG;_WINDOWS;%(PreprocessorDefinitions)</PreprocessorDefinitions>
    </ClCompile>
    <Link>
      <SubSystem>Windows</SubSystem>
      <GenerateDebugInformation>true</GenerateDebugInformation>
      <EnableCOMDATFolding>true</EnableCOMDATFolding>
      <OptimizeReferences>true</OptimizeReferences>
    </Link>
  </ItemDefinitionGroup>
  <ItemGroup>
__IF;OV__    <ClCompile Include="__CONTROLLERNAME__ov.c" />
    <ClCompile Include="__CONTROLLERNAME__reg.c" />
    <ClCompile Include="__CONTROLLERNAME__tab.c" />
__IF;SYNC__    <ClCompile Include="Syncfunc.c" />
__IF;PTP__    <ClCompile Include="PTPWIN.C" />
  </ItemGroup>
  <ItemGroup>
__IF;KS__    <Library Include="__CCOLLIBSDIR__CCOLKS.LIB" />
    <Library Include="__CCOLLIBSDIR__CCOLREG.LIB" />
    <Library Include="__CCOLLIBSDIR__CCOLSIM.LIB" />
    <Library Include="__CCOLLIBSDIR__CCOLVLOG.lib" />
__IF;OV__    <Library Include="__CCOLLIBSDIR__DSIFUNC.lib" />
    <Library Include="__CCOLLIBSDIR__LWMLFUNC.LIB" />
    <Library Include="__CCOLLIBSDIR__STDFUNC.LIB" />
    <Library Include="__CCOLLIBSDIR__VISSIM\ccolvissim.lib" />
  </ItemGroup>
  <ItemGroup>
    <Resource Include="__CCOLLIBSDIR__VISSIM\ccolvissim_e.res" />
  </ItemGroup>
  <Import Project="$(VCTargetsPath)\Microsoft.Cpp.targets" />
  <ImportGroup Label="ExtensionTargets">
  </ImportGroup>
</Project>