﻿<?xml version="1.0"?>
<TLCGenTemplatesModel xmlns:xsi="http://www.w3.org/2001/XMLSchema-instance" xmlns:xsd="http://www.w3.org/2001/XMLSchema">
  <FasenTemplates>
    <FasenTemplate>
      <Naam>Auto 1 rijstrook kop lang</Naam>
      <Replace>FC</Replace>
      <Items>
        <Item>
          <Naam>FC</Naam>
          <BitmapCoordinaten />
          <Type>Auto</Type>
          <TFG>50</TFG>
          <TGG>40</TGG>
          <TGG_min>40</TGG_min>
          <TRG>20</TRG>
          <TRG_min>20</TRG_min>
          <TGL>30</TGL>
          <TGL_min>30</TGL_min>
          <Kopmax>80</Kopmax>
          <OVIngreep>false</OVIngreep>
          <HDIngreep>false</HDIngreep>
          <VasteAanvraag>SchUit</VasteAanvraag>
          <Wachtgroen>SchUit</Wachtgroen>
          <Meeverlengen>SchAan</Meeverlengen>
          <MeeverlengenType>To</MeeverlengenType>
          <MeeverlengenVerschil xsi:nil="true" />
          <Detectoren>
            <Detector>
              <Naam>FC_1</Naam>
              <BitmapCoordinaten />
              <TDB>15</TDB>
              <TDH>25</TDH>
              <TOG>360</TOG>
              <TBG>20</TBG>
              <TFL>60</TFL>
              <CFL>45</CFL>
              <AanvraagDirect>true</AanvraagDirect>
              <Wachtlicht>false</Wachtlicht>
              <Simulatie>
                <Q1>0</Q1>
                <Q2>0</Q2>
                <Q3>0</Q3>
                <Q4>0</Q4>
                <Stopline>0</Stopline>
              </Simulatie>
              <Type>Kop</Type>
              <Aanvraag>RnietTRG</Aanvraag>
              <Verlengen>Kopmax</Verlengen>
              <Rijstrook>1</Rijstrook>
            </Detector>
            <Detector>
              <Naam>FC_2</Naam>
              <BitmapCoordinaten />
              <TDB>0</TDB>
              <TDH>10</TDH>
              <TOG>360</TOG>
              <TBG>60</TBG>
              <TFL>60</TFL>
              <CFL>30</CFL>
              <AanvraagDirect>false</AanvraagDirect>
              <Wachtlicht>false</Wachtlicht>
              <Simulatie>
                <Q1>0</Q1>
                <Q2>0</Q2>
                <Q3>0</Q3>
                <Q4>0</Q4>
                <Stopline>0</Stopline>
              </Simulatie>
              <Type>Lang</Type>
              <Aanvraag>RnietTRG</Aanvraag>
              <Verlengen>MK2</Verlengen>
              <Rijstrook>1</Rijstrook>
            </Detector>
          </Detectoren>
        </Item>
      </Items>
    </FasenTemplate>
    <FasenTemplate>
      <Naam>Auto 1 rijstrook kop lang verweg</Naam>
      <Replace>FC</Replace>
      <Items>
        <Item>
          <Naam>FC</Naam>
          <BitmapCoordinaten />
          <Type>Auto</Type>
          <TFG>50</TFG>
          <TGG>40</TGG>
          <TGG_min>40</TGG_min>
          <TRG>20</TRG>
          <TRG_min>20</TRG_min>
          <TGL>30</TGL>
          <TGL_min>30</TGL_min>
          <Kopmax>80</Kopmax>
          <OVIngreep>false</OVIngreep>
          <HDIngreep>false</HDIngreep>
          <VasteAanvraag>SchUit</VasteAanvraag>
          <Wachtgroen>SchUit</Wachtgroen>
          <Meeverlengen>SchAan</Meeverlengen>
          <MeeverlengenType>To</MeeverlengenType>
          <MeeverlengenVerschil xsi:nil="true" />
          <Detectoren>
            <Detector>
              <Naam>FC_1</Naam>
              <BitmapCoordinaten />
              <TDB>15</TDB>
              <TDH>25</TDH>
              <TOG>360</TOG>
              <TBG>20</TBG>
              <TFL>60</TFL>
              <CFL>45</CFL>
              <AanvraagDirect>true</AanvraagDirect>
              <Wachtlicht>false</Wachtlicht>
              <Simulatie>
                <Q1>0</Q1>
                <Q2>0</Q2>
                <Q3>0</Q3>
                <Q4>0</Q4>
                <Stopline>0</Stopline>
              </Simulatie>
              <Type>Kop</Type>
              <Aanvraag>RnietTRG</Aanvraag>
              <Verlengen>Kopmax</Verlengen>
              <Rijstrook>1</Rijstrook>
            </Detector>
            <Detector>
              <Naam>FC_2</Naam>
              <BitmapCoordinaten />
              <TDB>0</TDB>
              <TDH>10</TDH>
              <TOG>360</TOG>
              <TBG>60</TBG>
              <TFL>60</TFL>
              <CFL>30</CFL>
              <AanvraagDirect>false</AanvraagDirect>
              <Wachtlicht>false</Wachtlicht>
              <Simulatie>
                <Q1>0</Q1>
                <Q2>0</Q2>
                <Q3>0</Q3>
                <Q4>0</Q4>
                <Stopline>0</Stopline>
              </Simulatie>
              <Type>Lang</Type>
              <Aanvraag>RnietTRG</Aanvraag>
              <Verlengen>MK2</Verlengen>
              <Rijstrook>1</Rijstrook>
            </Detector>
            <Detector>
              <Naam>FC_3</Naam>
              <BitmapCoordinaten />
              <TDB>0</TDB>
              <TDH>0</TDH>
              <TOG>360</TOG>
              <TBG>20</TBG>
              <TFL>60</TFL>
              <CFL>45</CFL>
              <AanvraagDirect>false</AanvraagDirect>
              <Wachtlicht>false</Wachtlicht>
              <Simulatie>
                <Q1>0</Q1>
                <Q2>0</Q2>
                <Q3>0</Q3>
                <Q4>0</Q4>
                <Stopline>0</Stopline>
              </Simulatie>
              <Type>Verweg</Type>
              <Aanvraag>Uit</Aanvraag>
              <Verlengen>MK2</Verlengen>
              <Rijstrook>1</Rijstrook>
            </Detector>
          </Detectoren>
        </Item>
      </Items>
    </FasenTemplate>
    <FasenTemplate>
      <Naam>Auto 2 rijstroken kop lang</Naam>
      <Replace>FC</Replace>
      <Items>
        <Item>
          <Naam>FC</Naam>
          <BitmapCoordinaten />
          <Type>Auto</Type>
          <TFG>50</TFG>
          <TGG>40</TGG>
          <TGG_min>40</TGG_min>
          <TRG>20</TRG>
          <TRG_min>20</TRG_min>
          <TGL>30</TGL>
          <TGL_min>30</TGL_min>
          <Kopmax>80</Kopmax>
          <OVIngreep>false</OVIngreep>
          <HDIngreep>false</HDIngreep>
          <VasteAanvraag>SchUit</VasteAanvraag>
          <Wachtgroen>SchUit</Wachtgroen>
          <Meeverlengen>SchAan</Meeverlengen>
          <MeeverlengenType>To</MeeverlengenType>
          <MeeverlengenVerschil xsi:nil="true" />
          <Rijstroken>2</Rijstroken>
          <Detectoren>
            <Detector>
              <Naam>FC_1a</Naam>
              <BitmapCoordinaten />
              <TDB>15</TDB>
              <TDH>25</TDH>
              <TOG>360</TOG>
              <TBG>20</TBG>
              <TFL>60</TFL>
              <CFL>45</CFL>
              <AanvraagDirect>true</AanvraagDirect>
              <Wachtlicht>false</Wachtlicht>
              <Simulatie>
                <Q1>0</Q1>
                <Q2>0</Q2>
                <Q3>0</Q3>
                <Q4>0</Q4>
                <Stopline>0</Stopline>
              </Simulatie>
              <Type>Kop</Type>
              <Aanvraag>RnietTRG</Aanvraag>
              <Verlengen>Kopmax</Verlengen>
              <Rijstrook>1</Rijstrook>
            </Detector>
            <Detector>
              <Naam>FC_1b</Naam>
              <BitmapCoordinaten />
              <TDB>15</TDB>
              <TDH>25</TDH>
              <TOG>360</TOG>
              <TBG>20</TBG>
              <TFL>60</TFL>
              <CFL>45</CFL>
              <AanvraagDirect>true</AanvraagDirect>
              <Wachtlicht>false</Wachtlicht>
              <Simulatie>
                <Q1>0</Q1>
                <Q2>0</Q2>
                <Q3>0</Q3>
                <Q4>0</Q4>
                <Stopline>0</Stopline>
              </Simulatie>
              <Type>Kop</Type>
              <Aanvraag>RnietTRG</Aanvraag>
              <Verlengen>Kopmax</Verlengen>
              <Rijstrook>2</Rijstrook>
            </Detector>
            <Detector>
              <Naam>FC_2a</Naam>
              <BitmapCoordinaten />
              <TDB>0</TDB>
              <TDH>10</TDH>
              <TOG>360</TOG>
              <TBG>60</TBG>
              <TFL>60</TFL>
              <CFL>30</CFL>
              <AanvraagDirect>false</AanvraagDirect>
              <Wachtlicht>false</Wachtlicht>
              <Simulatie>
                <Q1>0</Q1>
                <Q2>0</Q2>
                <Q3>0</Q3>
                <Q4>0</Q4>
                <Stopline>0</Stopline>
              </Simulatie>
              <Type>Lang</Type>
              <Aanvraag>RnietTRG</Aanvraag>
              <Verlengen>MK2</Verlengen>
              <Rijstrook>1</Rijstrook>
            </Detector>
            <Detector>
              <Naam>FC_2b</Naam>
              <BitmapCoordinaten />
              <TDB>0</TDB>
              <TDH>10</TDH>
              <TOG>360</TOG>
              <TBG>60</TBG>
              <TFL>60</TFL>
              <CFL>30</CFL>
              <AanvraagDirect>false</AanvraagDirect>
              <Wachtlicht>false</Wachtlicht>
              <Simulatie>
                <Q1>0</Q1>
                <Q2>0</Q2>
                <Q3>0</Q3>
                <Q4>0</Q4>
                <Stopline>0</Stopline>
              </Simulatie>
              <Type>Lang</Type>
              <Aanvraag>RnietTRG</Aanvraag>
              <Verlengen>MK2</Verlengen>
              <Rijstrook>2</Rijstrook>
            </Detector>
          </Detectoren>
        </Item>
      </Items>
    </FasenTemplate>
    <FasenTemplate>
      <Naam>Auto 3 rijstroken kop lang verweg</Naam>
      <Replace>FC</Replace>
      <Items>
        <Item>
          <Naam>FC</Naam>
          <BitmapCoordinaten />
          <Type>Auto</Type>
          <TFG>50</TFG>
          <TGG>40</TGG>
          <TGG_min>40</TGG_min>
          <TRG>20</TRG>
          <TRG_min>20</TRG_min>
          <TGL>30</TGL>
          <TGL_min>30</TGL_min>
          <Kopmax>80</Kopmax>
          <OVIngreep>false</OVIngreep>
          <HDIngreep>false</HDIngreep>
          <VasteAanvraag>SchUit</VasteAanvraag>
          <Wachtgroen>SchUit</Wachtgroen>
          <Meeverlengen>SchAan</Meeverlengen>
          <MeeverlengenType>To</MeeverlengenType>
          <MeeverlengenVerschil xsi:nil="true" />
          <Rijstroken>3</Rijstroken>
          <Detectoren>
            <Detector>
              <Naam>FC_1a</Naam>
              <BitmapCoordinaten />
              <TDB>15</TDB>
              <TDH>25</TDH>
              <TOG>360</TOG>
              <TBG>20</TBG>
              <TFL>60</TFL>
              <CFL>45</CFL>
              <AanvraagDirect>true</AanvraagDirect>
              <Wachtlicht>false</Wachtlicht>
              <Simulatie>
                <Q1>0</Q1>
                <Q2>0</Q2>
                <Q3>0</Q3>
                <Q4>0</Q4>
                <Stopline>0</Stopline>
              </Simulatie>
              <Type>Kop</Type>
              <Aanvraag>RnietTRG</Aanvraag>
              <Verlengen>Kopmax</Verlengen>
              <Rijstrook>1</Rijstrook>
            </Detector>
            <Detector>
              <Naam>FC_1b</Naam>
              <BitmapCoordinaten />
              <TDB>15</TDB>
              <TDH>25</TDH>
              <TOG>360</TOG>
              <TBG>20</TBG>
              <TFL>60</TFL>
              <CFL>45</CFL>
              <AanvraagDirect>true</AanvraagDirect>
              <Wachtlicht>false</Wachtlicht>
              <Simulatie>
                <Q1>0</Q1>
                <Q2>0</Q2>
                <Q3>0</Q3>
                <Q4>0</Q4>
                <Stopline>0</Stopline>
              </Simulatie>
              <Type>Kop</Type>
              <Aanvraag>RnietTRG</Aanvraag>
              <Verlengen>Kopmax</Verlengen>
              <Rijstrook>2</Rijstrook>
            </Detector>
            <Detector>
              <Naam>FC_1c</Naam>
              <BitmapCoordinaten />
              <TDB>15</TDB>
              <TDH>25</TDH>
              <TOG>360</TOG>
              <TBG>20</TBG>
              <TFL>60</TFL>
              <CFL>45</CFL>
              <AanvraagDirect>true</AanvraagDirect>
              <Wachtlicht>false</Wachtlicht>
              <Simulatie>
                <Q1>0</Q1>
                <Q2>0</Q2>
                <Q3>0</Q3>
                <Q4>0</Q4>
                <Stopline>0</Stopline>
              </Simulatie>
              <Type>Kop</Type>
              <Aanvraag>RnietTRG</Aanvraag>
              <Verlengen>Kopmax</Verlengen>
              <Rijstrook>3</Rijstrook>
            </Detector>
            <Detector>
              <Naam>FC_2a</Naam>
              <BitmapCoordinaten />
              <TDB>0</TDB>
              <TDH>10</TDH>
              <TOG>360</TOG>
              <TBG>60</TBG>
              <TFL>60</TFL>
              <CFL>30</CFL>
              <AanvraagDirect>false</AanvraagDirect>
              <Wachtlicht>false</Wachtlicht>
              <Simulatie>
                <Q1>0</Q1>
                <Q2>0</Q2>
                <Q3>0</Q3>
                <Q4>0</Q4>
                <Stopline>0</Stopline>
              </Simulatie>
              <Type>Lang</Type>
              <Aanvraag>RnietTRG</Aanvraag>
              <Verlengen>MK2</Verlengen>
              <Rijstrook>1</Rijstrook>
            </Detector>
            <Detector>
              <Naam>FC_2b</Naam>
              <BitmapCoordinaten />
              <TDB>0</TDB>
              <TDH>10</TDH>
              <TOG>360</TOG>
              <TBG>60</TBG>
              <TFL>60</TFL>
              <CFL>30</CFL>
              <AanvraagDirect>false</AanvraagDirect>
              <Wachtlicht>false</Wachtlicht>
              <Simulatie>
                <Q1>0</Q1>
                <Q2>0</Q2>
                <Q3>0</Q3>
                <Q4>0</Q4>
                <Stopline>0</Stopline>
              </Simulatie>
              <Type>Lang</Type>
              <Aanvraag>RnietTRG</Aanvraag>
              <Verlengen>MK2</Verlengen>
              <Rijstrook>2</Rijstrook>
            </Detector>
            <Detector>
              <Naam>FC_2c</Naam>
              <BitmapCoordinaten />
              <TDB>0</TDB>
              <TDH>10</TDH>
              <TOG>360</TOG>
              <TBG>60</TBG>
              <TFL>60</TFL>
              <CFL>30</CFL>
              <AanvraagDirect>false</AanvraagDirect>
              <Wachtlicht>false</Wachtlicht>
              <Simulatie>
                <Q1>0</Q1>
                <Q2>0</Q2>
                <Q3>0</Q3>
                <Q4>0</Q4>
                <Stopline>0</Stopline>
              </Simulatie>
              <Type>Lang</Type>
              <Aanvraag>RnietTRG</Aanvraag>
              <Verlengen>MK2</Verlengen>
              <Rijstrook>3</Rijstrook>
            </Detector>
            <Detector>
              <Naam>FC_3a</Naam>
              <BitmapCoordinaten />
              <TDB>0</TDB>
              <TDH>0</TDH>
              <TOG>360</TOG>
              <TBG>20</TBG>
              <TFL>60</TFL>
              <CFL>45</CFL>
              <AanvraagDirect>false</AanvraagDirect>
              <Wachtlicht>false</Wachtlicht>
              <Simulatie>
                <Q1>0</Q1>
                <Q2>0</Q2>
                <Q3>0</Q3>
                <Q4>0</Q4>
                <Stopline>0</Stopline>
              </Simulatie>
              <Type>Verweg</Type>
              <Aanvraag>Uit</Aanvraag>
              <Verlengen>MK2</Verlengen>
              <Rijstrook>1</Rijstrook>
            </Detector>
            <Detector>
              <Naam>FC_3b</Naam>
              <BitmapCoordinaten />
              <TDB>0</TDB>
              <TDH>0</TDH>
              <TOG>360</TOG>
              <TBG>20</TBG>
              <TFL>60</TFL>
              <CFL>45</CFL>
              <AanvraagDirect>false</AanvraagDirect>
              <Wachtlicht>false</Wachtlicht>
              <Simulatie>
                <Q1>0</Q1>
                <Q2>0</Q2>
                <Q3>0</Q3>
                <Q4>0</Q4>
                <Stopline>0</Stopline>
              </Simulatie>
              <Type>Verweg</Type>
              <Aanvraag>Uit</Aanvraag>
              <Verlengen>MK2</Verlengen>
              <Rijstrook>2</Rijstrook>
            </Detector>
            <Detector>
              <Naam>FC_3c</Naam>
              <BitmapCoordinaten />
              <TDB>0</TDB>
              <TDH>0</TDH>
              <TOG>360</TOG>
              <TBG>20</TBG>
              <TFL>60</TFL>
              <CFL>45</CFL>
              <AanvraagDirect>false</AanvraagDirect>
              <Wachtlicht>false</Wachtlicht>
              <Simulatie>
                <Q1>0</Q1>
                <Q2>0</Q2>
                <Q3>0</Q3>
                <Q4>0</Q4>
                <Stopline>0</Stopline>
              </Simulatie>
              <Type>Verweg</Type>
              <Aanvraag>Uit</Aanvraag>
              <Verlengen>MK2</Verlengen>
              <Rijstrook>3</Rijstrook>
            </Detector>
          </Detectoren>
        </Item>
      </Items>
    </FasenTemplate>
  </FasenTemplates>
  <DetectorenTemplates>
    <DetectorenTemplate>
      <Naam>Koplus auto</Naam>
      <Replace>FC</Replace>
      <Items>
        <Item>
          <Naam>FC_1</Naam>
          <BitmapCoordinaten />
          <TDB>15</TDB>
          <TDH>20</TDH>
          <TOG>360</TOG>
          <TBG>20</TBG>
          <TFL>60</TFL>
          <CFL>45</CFL>
          <AanvraagDirect>true</AanvraagDirect>
          <Wachtlicht>false</Wachtlicht>
          <Simulatie>
            <Q1>0</Q1>
            <Q2>0</Q2>
            <Q3>0</Q3>
            <Q4>0</Q4>
            <Stopline>0</Stopline>
          </Simulatie>
          <Type>Kop</Type>
          <Aanvraag>RnietTRG</Aanvraag>
          <Verlengen>Kopmax</Verlengen>
          <Rijstrook>1</Rijstrook>
        </Item>
      </Items>
    </DetectorenTemplate>
    <DetectorenTemplate>
      <Naam>Koplus fiets</Naam>
      <Replace>FC</Replace>
      <Items>
        <Item>
          <Naam>FC_1</Naam>
          <BitmapCoordinaten />
          <TDB>15</TDB>
          <TDH>30</TDH>
          <TOG>1440</TOG>
          <TBG>10</TBG>
          <TFL>60</TFL>
          <CFL>45</CFL>
          <AanvraagDirect>true</AanvraagDirect>
          <Wachtlicht>false</Wachtlicht>
          <Simulatie>
            <Q1>0</Q1>
            <Q2>0</Q2>
            <Q3>0</Q3>
            <Q4>0</Q4>
            <Stopline>0</Stopline>
          </Simulatie>
          <Type>Kop</Type>
          <Aanvraag>RnietTRG</Aanvraag>
          <Verlengen>Kopmax</Verlengen>
          <Rijstrook>1</Rijstrook>
        </Item>
      </Items>
    </DetectorenTemplate>
    <DetectorenTemplate>
      <Naam>Lange lus auto</Naam>
      <Replace>FC</Replace>
      <Items>
        <Item>
          <Naam>FC_2</Naam>
          <BitmapCoordinaten />
          <TDB>0</TDB>
          <TDH>10</TDH>
          <TOG>360</TOG>
          <TBG>360</TBG>
          <TFL>60</TFL>
          <CFL>45</CFL>
          <AanvraagDirect>true</AanvraagDirect>
          <Wachtlicht>false</Wachtlicht>
          <Simulatie>
            <Q1>0</Q1>
            <Q2>0</Q2>
            <Q3>0</Q3>
            <Q4>0</Q4>
            <Stopline>0</Stopline>
          </Simulatie>
          <Type>Lang</Type>
          <Aanvraag>RnietTRG</Aanvraag>
          <Verlengen>Kopmax</Verlengen>
          <Rijstrook>1</Rijstrook>
        </Item>
      </Items>
    </DetectorenTemplate>
  </DetectorenTemplates>
  <PeriodenTemplates>
    <PeriodeTemplate>
      <Naam>Dag ochtend avond</Naam>
      <Replace />
      <Items>
        <Item>
          <Naam>dag</Naam>
          <Type>Groentijden</Type>
          <DagCode>8</DagCode>
          <GroentijdenSet>MG2</GroentijdenSet>
          <Commentaar>Dag periode</Commentaar>
          <BitmapData />
          <StartTijd>06:00</StartTijd>
          <EindTijd>19:00</EindTijd>
        </Item>
        <Item>
          <Naam>ochtend</Naam>
          <Type>Groentijden</Type>
          <DagCode>8</DagCode>
          <GroentijdenSet>MG3</GroentijdenSet>
          <Commentaar>Ochtendspits</Commentaar>
          <BitmapData />
          <StartTijd>07:00</StartTijd>
          <EindTijd>09:30</EindTijd>
        </Item>
        <Item>
          <Naam>avond</Naam>
          <Type>Groentijden</Type>
          <DagCode>8</DagCode>
          <GroentijdenSet>MG4</GroentijdenSet>
          <Commentaar>Avondspits</Commentaar>
          <BitmapData />
          <StartTijd>16:00</StartTijd>
          <EindTijd>19:00</EindTijd>
        </Item>
      </Items>
    </PeriodeTemplate>
  </PeriodenTemplates>
</TLCGenTemplatesModel>
